model_name,protected_attribute,demographic_parity_difference,equalized_odds_difference,equal_opportunity_difference,disparate_impact_ratio
logistic_regression,SEX,0.055193027489136126,0.047702865060440636,0.047702865060440636,0.9285152941303413
logistic_regression,AGE_GROUP,0.11498257839721249,0.15702479338842967,0.15702479338842967,0.853658536585366
xgboost,SEX,0.005390866144064699,0.02863685231985036,0.007191996796140576,0.9939062719489963
xgboost,AGE_GROUP,0.11370832557273236,0.15306122448979587,0.08756567425569173,0.877544880152442
