model_name,accuracy,precision,recall,f1,roc_auc
xgboost,0.8176666666666667,0.6652482269503546,0.35342878673700073,0.46161417322834647,0.7791346043288329
logistic_regression,0.7735,0.48933333333333334,0.5531273549359458,0.5192783869826672,0.758779249584467
