ablation,feature_count,accuracy,precision,recall,f1,roc_auc
baseline_full_diagnostic,32,0.9995,0.9988962472406181,1.0,0.9994478188845941,1.0
without_demographics,28,0.9995,0.9988962472406181,1.0,0.9994478188845941,1.0
without_burden_features,29,0.993,0.9911797133406836,0.9933701657458563,0.9922737306843267,0.9997921239183631
without_payment_behavior,27,0.7525,0.7383720930232558,0.7016574585635359,0.7195467422096318,0.8657665430510356
bureau_financial_only,12,0.716,0.6640701071080818,0.7535911602209945,0.7060041407867494,0.7836857640202831
