ablation,feature_count,accuracy,precision,recall,f1,roc_auc,pr_auc
baseline_application_public,36,0.8152282572475842,0.6584302325581395,0.3413715146948003,0.4496277915632754,0.7747718507831988,0.5415000164539201
without_profile_fields,33,0.820680408915703,0.664804469273743,0.36447166921898927,0.4708209693372898,0.7742635199447503,0.5491653531148174
without_utilization_ratios,33,0.8152282572475842,0.6612426035502958,0.33685003767897514,0.4463305042436346,0.7741863154798126,0.5405470435180219
without_repayment_status,30,0.8158947017660779,0.6646884272997032,0.33760361718161264,0.447776111944028,0.774017223522964,0.5428056127558437
