{
  "logistic_application": {
    "accuracy": 0.6925,
    "precision": 0.6467611336032388,
    "recall": 0.7060773480662983,
    "f1": 0.6751188589540412,
    "roc_auc": 0.7639092812634022
  },
  "xgboost_application": {
    "accuracy": 0.7105,
    "precision": 0.6579457364341085,
    "recall": 0.7502762430939226,
    "f1": 0.7010841507485803,
    "roc_auc": 0.782547491107243
  },
  "logistic_behavioral": {
    "accuracy": 0.8635,
    "precision": 0.8340380549682875,
    "recall": 0.8718232044198895,
    "f1": 0.8525121555915721,
    "roc_auc": 0.947631373142612
  },
  "xgboost_behavioral": {
    "accuracy": 1.0,
    "precision": 1.0,
    "recall": 1.0,
    "f1": 1.0,
    "roc_auc": 1.0
  },
  "xgboost_full_diagnostic": {
    "accuracy": 0.9995,
    "precision": 0.9988962472406181,
    "recall": 1.0,
    "f1": 0.9994478188845941,
    "roc_auc": 1.0
  }
}