model_name,feature_set,split_strategy,train_rows,test_rows,feature_count,accuracy,precision,recall,f1,roc_auc,pr_auc
xgboost_full_public_diagnostic,full_public_diagnostic,random,23998,6002,37,0.8193935354881706,0.6753246753246753,0.35267520723436324,0.4633663366336634,0.7805110639172432,0.5647043344040137
xgboost_public,application_public,random,23998,6002,36,0.8152282572475842,0.6584302325581395,0.3413715146948003,0.4496277915632754,0.7747718507831988,0.5415000164539201
logistic_public,application_public,random,23998,6002,36,0.740753082305898,0.4374658656471873,0.6036171816126601,0.5072830905636478,0.7526831057147118,0.5110745493689056
