model_name,feature_set,split_strategy,train_rows,test_rows,feature_count,accuracy,precision,recall,f1,roc_auc
xgboost_behavioral,behavioral,random,8000,2000,32,1.0,1.0,1.0,1.0,1.0
xgboost_full_diagnostic,full_diagnostic,random,8000,2000,32,0.9995,0.9988962472406181,1.0,0.9994478188845941,1.0
logistic_behavioral,behavioral,random,8000,2000,32,0.8635,0.8340380549682875,0.8718232044198895,0.8525121555915721,0.947631373142612
xgboost_application,application,random,8000,2000,21,0.7105,0.6579457364341085,0.7502762430939226,0.7010841507485803,0.782547491107243
logistic_application,application,random,8000,2000,21,0.6925,0.6467611336032388,0.7060773480662983,0.6751188589540412,0.7639092812634022
