{
  "policy_name": "dnn_recall_optimized",
  "source_experiment": "dnn_baseline",
  "selected_threshold": 0.3,
  "selection_rule": "maximize_recall_precision_050",
  "fallback_used": false,
  "selection_split": "validation",
  "evaluation_split": "untouched_test",
  "validation_metrics": {
    "threshold": 0.3,
    "accuracy": 0.7968333333333333,
    "precision": 0.5386819484240688,
    "recall": 0.5666917859834213,
    "specificity": 0.8621870318852985,
    "f1": 0.5523319867792875,
    "f2": 0.5608591885441527,
    "false_positive_rate": 0.13781296811470148,
    "false_negative_rate": 0.43330821401657876,
    "true_positives": 752,
    "false_positives": 644,
    "true_negatives": 4029,
    "false_negatives": 575,
    "predicted_default_rate": 0.23266666666666666,
    "predicted_non_default_rate": 0.7673333333333333,
    "approval_support_rate": 0.7673333333333333,
    "default_capture_rate": 0.5666917859834213,
    "expected_cost": 3519,
    "candidate_name": "dnn_baseline",
    "split": "validation"
  },
  "test_metrics": {
    "threshold": 0.3,
    "accuracy": 0.7857380873042319,
    "precision": 0.5148658448150834,
    "recall": 0.5350414468726451,
    "specificity": 0.8568983957219252,
    "f1": 0.524759793052476,
    "f2": 0.5308808135187678,
    "false_positive_rate": 0.14310160427807486,
    "false_negative_rate": 0.46495855312735496,
    "true_positives": 710,
    "false_positives": 669,
    "true_negatives": 4006,
    "false_negatives": 617,
    "predicted_default_rate": 0.22975674775074975,
    "predicted_non_default_rate": 0.7702432522492503,
    "approval_support_rate": 0.7702432522492503,
    "default_capture_rate": 0.5350414468726451,
    "expected_cost": 3754,
    "roc_auc": 0.7657170490310258,
    "pr_auc": 0.5212098829700869
  },
  "test_roc_auc": 0.7657170490310258,
  "test_pr_auc": 0.5212098829700869
}