{
  "dataset": "data/raw/Afors Consulting_Dubai Arab Bank Dataset_MDI.xlsx",
  "models": {
    "logistic_application": {
      "model_path": "models/logistic_application.pkl",
      "metrics": {
        "accuracy": 0.6925,
        "precision": 0.6467611336032388,
        "recall": 0.7060773480662983,
        "f1": 0.6751188589540412,
        "roc_auc": 0.7639092812634022
      }
    },
    "logistic_behavioral": {
      "model_path": "models/logistic_behavioral.pkl",
      "metrics": {
        "accuracy": 0.8635,
        "precision": 0.8340380549682875,
        "recall": 0.8718232044198895,
        "f1": 0.8525121555915721,
        "roc_auc": 0.947631373142612
      }
    }
  }
}
