{
  "logistic_public": {
    "accuracy": 0.740753082305898,
    "precision": 0.4374658656471873,
    "recall": 0.6036171816126601,
    "f1": 0.5072830905636478,
    "roc_auc": 0.7526831057147118
  },
  "xgboost_public": {
    "accuracy": 0.8152282572475842,
    "precision": 0.6584302325581395,
    "recall": 0.3413715146948003,
    "f1": 0.4496277915632754,
    "roc_auc": 0.7747718507831988
  },
  "xgboost_full_public_diagnostic": {
    "accuracy": 0.8193935354881706,
    "precision": 0.6753246753246753,
    "recall": 0.35267520723436324,
    "f1": 0.4633663366336634,
    "roc_auc": 0.7805110639172432
  }
}