{
  "selected_policy": {
    "candidate_name": "xgboost_public_baseline_threshold_050",
    "selected_threshold": 0.25,
    "selection_rule": "maximize_recall_precision_050",
    "fallback_used": false,
    "test_metrics": {
      "threshold": 0.25,
      "accuracy": 0.766911029656781,
      "precision": 0.47769516728624534,
      "recall": 0.5810097965335342,
      "specificity": 0.8196791443850268,
      "f1": 0.5243114586875213,
      "f2": 0.5569199653279399,
      "false_positive_rate": 0.18032085561497327,
      "false_negative_rate": 0.4189902034664657,
      "true_positives": 771,
      "false_positives": 843,
      "true_negatives": 3832,
      "false_negatives": 556,
      "predicted_default_rate": 0.2689103632122626,
      "predicted_non_default_rate": 0.7310896367877374,
      "approval_support_rate": 0.7310896367877374,
      "default_capture_rate": 0.5810097965335342,
      "expected_cost": 3623,
      "roc_auc": 0.7747718507831988,
      "pr_auc": 0.5415000164539201
    },
    "test_roc_auc": 0.7747718507831988,
    "test_pr_auc": 0.5415000164539201
  },
  "comparisons": [
    {
      "candidate_name": "current_baseline_threshold_050",
      "selected_threshold": 0.5,
      "test_accuracy": 0.8152282572475842,
      "test_precision": 0.6584302325581395,
      "test_recall": 0.3413715146948003,
      "test_f1": 0.4496277915632754,
      "test_f2": 0.3777518345563709,
      "test_roc_auc": 0.7747718507831988,
      "test_pr_auc": 0.5415000164539201,
      "test_approval_support_rate": 0.8853715428190603,
      "notes": "Baseline XGBoost at default threshold 0.50."
    },
    {
      "candidate_name": "xgboost_public_baseline_threshold_050",
      "family": "baseline_xgboost",
      "scale_pos_weight": 1.0,
      "uses_smote": false,
      "selected_threshold": 0.25,
      "selection_rule": "maximize_recall_precision_050",
      "fallback_used": false,
      "validation_precision": 0.5006002400960384,
      "validation_recall": 0.6284853051996986,
      "validation_f1": 0.5573003675242232,
      "validation_f2": 0.5979351878405507,
      "validation_pr_auc": 0.5723192451143775,
      "test_precision": 0.47769516728624534,
      "test_recall": 0.5810097965335342,
      "test_f1": 0.5243114586875213,
      "test_f2": 0.5569199653279399,
      "test_roc_auc": 0.7747718507831988,
      "test_pr_auc": 0.5415000164539201,
      "test_accuracy": 0.766911029656781,
      "test_approval_support_rate": 0.7310896367877374,
      "notes": "Baseline XGBoost with validation-tuned threshold."
    },
    {
      "candidate_name": "xgboost_public_weighted_spw_2_0",
      "family": "weighted_xgboost",
      "scale_pos_weight": 2.0,
      "uses_smote": false,
      "selected_threshold": 0.4,
      "selection_rule": "maximize_recall_precision_050",
      "fallback_used": false,
      "validation_precision": 0.5061199510403916,
      "validation_recall": 0.6232102486812359,
      "validation_f1": 0.5585950692333671,
      "validation_f2": 0.5956496686833765,
      "validation_pr_auc": 0.5744070361059702,
      "test_precision": 0.48299748110831237,
      "test_recall": 0.5779954785229842,
      "test_f1": 0.5262435677530017,
      "test_f2": 0.5561194895591647,
      "test_roc_auc": 0.7732126262850142,
      "test_pr_auc": 0.5426231263457643,
      "test_accuracy": 0.7699100299900034,
      "test_approval_support_rate": 0.7354215261579473,
      "notes": "Best class-weighted XGBoost with validation-tuned threshold."
    }
  ],
  "smote_skip_reason": "imbalanced-learn is not installed; SMOTE experiment skipped.",
  "recommendation": "For risk-screening use, the recall-optimized threshold/model captures more actual defaulters at the cost of more false positives. The original 0.50 threshold remains a conservative baseline, while the recall-optimized policy is more appropriate for manual-review triage."
}