{
  "selected_candidate": "xgboost_public_baseline_threshold_050",
  "family": "baseline_xgboost",
  "scale_pos_weight": 1.0,
  "uses_smote": false,
  "selected_threshold": 0.25,
  "selection_rule": "maximize_recall_precision_050",
  "fallback_used": false,
  "validation_metrics": {
    "threshold": 0.25,
    "accuracy": 0.7791666666666667,
    "precision": 0.5006002400960384,
    "recall": 0.6284853051996986,
    "specificity": 0.8219559169698266,
    "f1": 0.5573003675242232,
    "f2": 0.5979351878405507,
    "false_positive_rate": 0.17804408303017333,
    "false_negative_rate": 0.3715146948003014,
    "true_positives": 834,
    "false_positives": 832,
    "true_negatives": 3841,
    "false_negatives": 493,
    "predicted_default_rate": 0.2776666666666667,
    "predicted_non_default_rate": 0.7223333333333334,
    "approval_support_rate": 0.7223333333333334,
    "default_capture_rate": 0.6284853051996986,
    "expected_cost": 3297,
    "candidate_name": "xgboost_public_baseline_threshold_050",
    "split": "validation"
  },
  "validation_pr_auc": 0.5723192451143775,
  "test_metrics": {
    "threshold": 0.25,
    "accuracy": 0.766911029656781,
    "precision": 0.47769516728624534,
    "recall": 0.5810097965335342,
    "specificity": 0.8196791443850268,
    "f1": 0.5243114586875213,
    "f2": 0.5569199653279399,
    "false_positive_rate": 0.18032085561497327,
    "false_negative_rate": 0.4189902034664657,
    "true_positives": 771,
    "false_positives": 843,
    "true_negatives": 3832,
    "false_negatives": 556,
    "predicted_default_rate": 0.2689103632122626,
    "predicted_non_default_rate": 0.7310896367877374,
    "approval_support_rate": 0.7310896367877374,
    "default_capture_rate": 0.5810097965335342,
    "expected_cost": 3623,
    "roc_auc": 0.7747718507831988,
    "pr_auc": 0.5415000164539201
  },
  "test_roc_auc": 0.7747718507831988,
  "test_pr_auc": 0.5415000164539201,
  "test_set_policy": "held-out test split was not used for threshold or model selection"
}