{
  "feature_set": "application_public",
  "roc_auc": 0.49224913864523223,
  "accuracy": 0.7785190126751167
}