{
  "model": "D:\\PGDBA\\Projects\\Credit Default Risk\\credit-default-xai\\models\\xgboost_application.pkl",
  "protected_attribute": "Gender",
  "baseline": {
    "performance": {
      "accuracy": 0.7105,
      "precision": 0.6579457364341085,
      "recall": 0.7502762430939226,
      "f1": 0.7010841507485803,
      "roc_auc": 0.782547491107243
    },
    "fairness": {
      "demographic_parity_difference": 0.015096135865222793,
      "equalized_odds_difference": 0.013806648296886909,
      "equal_opportunity_difference": 0.0007576162123194008,
      "disparate_impact_ratio": 0.9692871718604088
    }
  },
  "reweighing": {
    "performance": {
      "accuracy": 0.714,
      "precision": 0.6608695652173913,
      "recall": 0.7558011049723757,
      "f1": 0.7051546391752578,
      "roc_auc": 0.7801094881303767
    },
    "fairness": {
      "demographic_parity_difference": 0.036105324947924566,
      "equalized_odds_difference": 0.042338433878564036,
      "equal_opportunity_difference": 0.01529917496595723,
      "disparate_impact_ratio": 0.9278612730622144
    }
  },
  "fairlearn_postprocessing": {
    "performance": {
      "accuracy": 0.7005,
      "precision": 0.6787383177570093,
      "recall": 0.6419889502762431,
      "f1": 0.6598523566155593,
      "roc_auc": 0.6954236988824137
    },
    "fairness": {
      "demographic_parity_difference": 0.005432048888440066,
      "equalized_odds_difference": 0.020509037994286272,
      "equal_opportunity_difference": 0.020509037994286272,
      "disparate_impact_ratio": 0.9905484245344245
    }
  }
}