{
  "model": "models/xgboost_public.pkl",
  "protected_attribute": "SEX",
  "favorable_outcome": "predicted non-default / low-risk approval decision",
  "baseline": {
    "performance": {
      "accuracy": 0.8152282572475842,
      "precision": 0.6584302325581395,
      "recall": 0.3413715146948003,
      "f1": 0.4496277915632754,
      "roc_auc": 0.7747718507831988,
      "pr_auc": 0.5415000164539201
    },
    "fairness": {
      "demographic_parity_difference": 0.022032268651218212,
      "equalized_odds_difference": 0.022507919795332176,
      "equal_opportunity_difference": 0.006294570340171113,
      "disparate_impact_ratio": 0.9753554494958341
    }
  },
  "reweighing": {
    "performance": {
      "accuracy": 0.8147284238587138,
      "precision": 0.657856093979442,
      "recall": 0.33760361718161264,
      "f1": 0.44621513944223107,
      "roc_auc": 0.7735251804359478,
      "pr_auc": 0.5428491273191204
    },
    "fairness": {
      "demographic_parity_difference": 0.02255105463376772,
      "equalized_odds_difference": 0.026128397661466907,
      "equal_opportunity_difference": 0.006074707491044218,
      "disparate_impact_ratio": 0.9748137349440544
    }
  },
  "fairlearn_postprocessing": {
    "performance": {
      "accuracy": 0.8132289236921026,
      "precision": 0.6388140161725068,
      "recall": 0.3571966842501884,
      "f1": 0.458192363460609,
      "roc_auc": 0.6499352405208161,
      "pr_auc": 0.3703015419981761
    },
    "fairness": {
      "demographic_parity_difference": 0.011437291147283535,
      "equalized_odds_difference": 0.006689109935071547,
      "equal_opportunity_difference": 0.003255369824475274,
      "disparate_impact_ratio": 0.9870156871956679
    }
  }
}